Workbook

Sheet Кредиты физ лицам 2025 год по м
A1: Регионы | B1: Федеральные округа | C1: Объем общее (млн руб) | D1: Задолженность общее (млн руб) | E1: Январь объем (млн руб) | F1: Январь задолженность (млн руб) | G1: Февраль объем (млн руб) | H1: Февраль задолженность (млн руб) | I1: Март объем (млн руб) | J1: Март задолженность (млн руб) | K1: Апрель объем (млн руб) | L1: Апрель задолженность (млн руб) | M1: Май объем (млн руб) | N1: Май задолженность (млн руб) | O1: Июнь объем (млн руб) | P1: Июнь задолженность (млн руб) | Q1: Июль объем (млн руб) | R1: Июль задолженность (млн руб) | S1: Август объем (млн руб) | T1: Август задолженность (млн руб) | U1: Сентябрь объем (млн руб) | V1: Сентябрь задолженность (млн руб) | W1: Октябрь объем (млн руб) | X1: Октябрь задолженность (млн руб) | Y1: Ноябрь объем (млн руб) | Z1: Ноябрь задолженность (млн руб) | AA1: Декабрь объем (млн руб) | AB1: Декабрь задолженность (млн руб)
A2: г. Москва | B2: =VLOOKUP(A2,'Примечания'!$A:$B,2,0) -> ЦФО | C2: =E2+G2+I2+K2+M2+O2+Q2+S2+U2+W2+Y2+AA2 -> 3007763 | D2: =F2+H2+J2+L2+N2+P2+R2+T2+V2+X2+Z2+AB2 -> 51422135 | E2: 186725 | F2: 4208666 | G2: 205325 | H2: 4209311 | I2: 232037 | J2: 4218232 | K2: 231562 | L2: 4223317 | M2: 230539 | N2: 4239331 | O2: 235787 | P2: 4248421 | Q2: 252022 | R2: 4265347 | S2: 264348 | T2: 4295817 | U2: 269103 | V2: 4333273 | W2: 284678 | X2: 4370468 | Y2: 288975 | Z2: 4400824 | AA2: 326662 | AB2: 4409128
A3: Московская область | B3: =VLOOKUP(A3,'Примечания'!$A:$B,2,0) -> ЦФО | C3: =E3+G3+I3+K3+M3+O3+Q3+S3+U3+W3+Y3+AA3 -> 1804595 | D3: =F3+H3+J3+L3+N3+P3+R3+T3+V3+X3+Z3+AB3 -> 34616205 | E3: 111429 | F3: 2855222 | G3: 120510 | H3: 2849673 | I3: 136117 | J3: 2851648 | K3: 135141 | L3: 2853129 | M3: 139810 | N3: 2864894 | O3: 141043 | P3: 2866710 | Q3: 153628 | R3: 2862520 | S3: 163586 | T3: 2886151 | U3: 161819 | V3: 2904394 | W3: 174045 | X3: 2930016 | Y3: 171036 | Z3: 2943239 | AA3: 196431 | AB3: 2948609
A4: г. Санкт-Петербург | B4: =VLOOKUP(A4,'Примечания'!$A:$B,2,0) -> СЗФО | C4: =E4+G4+I4+K4+M4+O4+Q4+S4+U4+W4+Y4+AA4 -> 1260287 | D4: =F4+H4+J4+L4+N4+P4+R4+T4+V4+X4+Z4+AB4 -> 22320395 | E4: 75195 | F4: 1830749 | G4: 82778 | H4: 1826667 | I4: 93989 | J4: 1828352 | K4: 94296 | L4: 1831717 | M4: 96291 | N4: 1839821 | O4: 98542 | P4: 1846241 | Q4: 104593 | R4: 1844711 | S4: 111507 | T4: 1859723 | U4: 115583 | V4: 1878060 | W4: 122128 | X4: 1896175 | Y4: 120759 | Z4: 1909919 | AA4: 144626 | AB4: 1928260
A5: Краснодарский край | B5: =VLOOKUP(A5,'Примечания'!$A:$B,2,0) -> ЮФО | C5: =E5+G5+I5+K5+M5+O5+Q5+S5+U5+W5+Y5+AA5 -> 950912 | D5: =F5+H5+J5+L5+N5+P5+R5+T5+V5+X5+Z5+AB5 -> 18679592 | E5: 59494 | F5: 1530523 | G5: 62019 | H5: 1527763 | I5: 72505 | J5: 1531028 | K5: 71303 | L5: 1534060 | M5: 72845 | N5: 1540875 | O5: 75024 | P5: 1545883 | Q5: 80938 | R5: 1548264 | S5: 84200 | T5: 1558101 | U5: 83199 | V5: 1568795 | W5: 91344 | X5: 1584377 | Y5: 89839 | Z5: 1596253 | AA5: 108202 | AB5: 1613670
A6: Тюменская область | B6: =VLOOKUP(A6,'Примечания'!$A:$B,2,0) -> УФО | C6: =E6+G6+I6+K6+M6+O6+Q6+S6+U6+W6+Y6+AA6 -> 834483 | D6: =F6+H6+J6+L6+N6+P6+R6+T6+V6+X6+Z6+AB6 -> 17587655 | E6: 48313 | F6: 1454366 | G6: 52342 | H6: 1449306 | I6: 59943 | J6: 1447376 | K6: 64147 | L6: 1447788 | M6: 64015 | N6: 1452376 | O6: 66498 | P6: 1453169 | Q6: 74172 | R6: 1451768 | S6: 79311 | T6: 1468076 | U6: 74038 | V6: 1475802 | W6: 81525 | X6: 1489303 | Y6: 78653 | Z6: 1498053 | AA6: 91526 | AB6: 1500272
A7: Свердловская область | B7: =VLOOKUP(A7,'Примечания'!$A:$B,2,0) -> УФО | C7: =E7+G7+I7+K7+M7+O7+Q7+S7+U7+W7+Y7+AA7 -> 735598 | D7: =F7+H7+J7+L7+N7+P7+R7+T7+V7+X7+Z7+AB7 -> 13172610 | E7: 45186 | F7: 1088021 | G7: 47782 | H7: 1083727 | I7: 54263 | J7: 1082831 | K7: 54368 | L7: 1084501 | M7: 55758 | N7: 1088230 | O7: 58471 | P7: 1088509 | Q7: 62885 | R7: 1086247 | S7: 66749 | T7: 1096564 | U7: 66010 | V7: 1104926 | W7: 72535 | X7: 1117833 | Y7: 69264 | Z7: 1122543 | AA7: 82327 | AB7: 1128678
A8: Республика Татарстан (Татарстан) | B8: =VLOOKUP(A8,'Примечания'!$A:$B,2,0) -> ПФО | C8: =E8+G8+I8+K8+M8+O8+Q8+S8+U8+W8+Y8+AA8 -> 652959 | D8: =F8+H8+J8+L8+N8+P8+R8+T8+V8+X8+Z8+AB8 -> 13558441 | E8: 36151 | F8: 1109504 | G8: 40307 | H8: 1106154 | I8: 47019 | J8: 1106308 | K8: 47361 | L8: 1108802 | M8: 49433 | N8: 1114553 | O8: 49967 | P8: 1116400 | Q8: 55958 | R8: 1118820 | S8: 58997 | T8: 1130953 | U8: 59303 | V8: 1140409 | W8: 67991 | X8: 1157094 | Y8: 63876 | Z8: 1168347 | AA8: 76596 | AB8: 1181097
A9: Республика Башкортостан | B9: =VLOOKUP(A9,'Примечания'!$A:$B,2,0) -> ПФО | C9: =E9+G9+I9+K9+M9+O9+Q9+S9+U9+W9+Y9+AA9 -> 596428 | D9: =F9+H9+J9+L9+N9+P9+R9+T9+V9+X9+Z9+AB9 -> 12573577 | E9: 34209 | F9: 1041904 | G9: 37233 | H9: 1037421 | I9: 42691 | J9: 1035648 | K9: 44222 | L9: 1034469 | M9: 45119 | N9: 1037494 | O9: 46920 | P9: 1038237 | Q9: 51768 | R9: 1035439 | S9: 55642 | T9: 1046508 | U9: 52663 | V9: 1053690 | W9: 58900 | X9: 1063006 | Y9: 57004 | Z9: 1070727 | AA9: 70057 | AB9: 1079034
A10: Ростовская область | B10: =VLOOKUP(A10,'Примечания'!$A:$B,2,0) -> ЮФО | C10: =E10+G10+I10+K10+M10+O10+Q10+S10+U10+W10+Y10+AA10 -> 589286 | D10: =F10+H10+J10+L10+N10+P10+R10+T10+V10+X10+Z10+AB10 -> 10495448 | E10: 35128 | F10: 862591 | G10: 36545 | H10: 859371 | I10: 42987 | J10: 860045 | K10: 44079 | L10: 862042 | M10: 45029 | N10: 866282 | O10: 45906 | P10: 867493 | Q10: 49471 | R10: 866324 | S10: 52119 | T10: 874118 | U10: 51007 | V10: 879884 | W10: 57069 | X10: 889344 | Y10: 56925 | Z10: 897208 | AA10: 73021 | AB10: 910746
A11: Челябинская область | B11: =VLOOKUP(A11,'Примечания'!$A:$B,2,0) -> УФО | C11: =E11+G11+I11+K11+M11+O11+Q11+S11+U11+W11+Y11+AA11 -> 508567 | D11: =F11+H11+J11+L11+N11+P11+R11+T11+V11+X11+Z11+AB11 -> 8701496 | E11: 30583 | F11: 721272 | G11: 33054 | H11: 717953 | I11: 37500 | J11: 716616 | K11: 37471 | L11: 716560 | M11: 38540 | N11: 718736 | O11: 40529 | P11: 718582 | Q11: 44057 | R11: 716825 | S11: 47327 | T11: 724698 | U11: 45510 | V11: 729638 | W11: 49529 | X11: 736489 | Y11: 47593 | Z11: 740176 | AA11: 56874 | AB11: 743951
A12: Новосибирская область | B12: =VLOOKUP(A12,'Примечания'!$A:$B,2,0) -> СФО | C12: =E12+G12+I12+K12+M12+O12+Q12+S12+U12+W12+Y12+AA12 -> 478363 | D12: =F12+H12+J12+L12+N12+P12+R12+T12+V12+X12+Z12+AB12 -> 9356891 | E12: 28964 | F12: 775907 | G12: 31224 | H12: 773096 | I12: 36246 | J12: 773350 | K12: 36195 | L12: 774091 | M12: 36900 | N12: 776585 | O12: 38422 | P12: 774824 | Q12: 41357 | R12: 773364 | S12: 43659 | T12: 779831 | U12: 41721 | V12: 782704 | W12: 46709 | X12: 789292 | Y12: 44379 | Z12: 790410 | AA12: 52587 | AB12: 793437
A13: Самарская область | B13: =VLOOKUP(A13,'Примечания'!$A:$B,2,0) -> ПФО | C13: =E13+G13+I13+K13+M13+O13+Q13+S13+U13+W13+Y13+AA13 -> 452202 | D13: =F13+H13+J13+L13+N13+P13+R13+T13+V13+X13+Z13+AB13 -> 7196556 | E13: 27962 | F13: 601169 | G13: 29402 | H13: 597050 | I13: 33763 | J13: 595619 | K13: 33797 | L13: 595025 | M13: 35551 | N13: 596882 | O13: 36181 | P13: 595593 | Q13: 39231 | R13: 592733 | S13: 41238 | T13: 597725 | U13: 40453 | V13: 601304 | W13: 43661 | X13: 605450 | Y13: 42548 | Z13: 608415 | AA13: 48415 | AB13: 609591
... A88: в том числе Ненецкий автономный округ | B88: =VLOOKUP(A88,'Примечания'!$A:$B,2,0) -> СЗФО | C88: =E88+G88+I88+K88+M88+O88+Q88+S88+U88+W88+Y88+AA88 -> 6841 | D88: =F88+H88+J88+L88+N88+P88+R88+T88+V88+X88+Z88+AB88 -> 145427 | E88: 382 | F88: 12252 | G88: 423 | H88: 12180 | I88: 512 | J88: 12143 | K88: 489 | L88: 12077 | M88: 469 | N88: 12019 | O88: 594 | P88: 12003 | Q88: 656 | R88: 12011 | S88: 680 | T88: 12102 | U88: 654 | V88: 12165 | W88: 643 | X88: 12197 | Y88: 602 | Z88: 12165 | AA88: 737 | AB88: 12113
A89: РОССИЙСКАЯ ФЕДЕРАЦИЯ | C89: =E89+G89+I89+K89+M89+O89+Q89+S89+U89+W89+Y89+AA89 -> 22924505 | D89: =F89+H89+J89+L89+N89+P89+R89+T89+V89+X89+Z89+AB89 -> 421207421 | E89: 1386982 | F89: 34766820 | G89: 1490467 | H89: 34656777 | I89: 1705169 | J89: 34652400 | K89: 1715099 | L89: 34685101 | M89: 1761900 | N89: 34815608 | O89: 1815716 | P89: 34837725 | Q89: 1971050 | R89: 34792201 | S89: 2085008 | T89: 35110119 | U89: 2041947 | V89: 35339043 | W89: 2219135 | X89: 35657960 | Y89: 2169592 | Z89: 35863355 | AA89: 2562440 | AB89: 36030312

Sheet Анализ
A1: Анализ данных по кредитам
A2: Цель: выявить ключевые закономерности и посмотреть, как объем выданных кредитов распределяется по регионам и месяцам
A3: Метрика | C3: Объем общее | D3: Задолженность общее | E3: Январь объем | F3: Январь задолженность | G3: Февраль объем | H3: Февраль задолженность | I3: Март объем | J3: Март задолженность | K3: Апрель объем | L3: Апрель задолженность | M3: Май объем | N3: Май задолженность | O3: Июнь объем | P3: Июнь задолженность | Q3: Июль объем | R3: Июль задолженность | S3: Август объем | T3: Август задолженность | U3: Сентябрь объем | V3: Сентябрь задолженность | W3: Октябрь объем | X3: Октябрь задолженность | Y3: Ноябрь объем | Z3: Ноябрь задолженность | AA3: Декабрь объем | AB3: Декабрь задолженность
A4: Среднее значение | C4: =AVERAGE('Кредиты физ лицам 2025 год по м'!C2:C88) -> 275057.76 | D4: =AVERAGE('Кредиты физ лицам 2025 год по м'!D2:D88) -> 5080463 | E4: =AVERAGE('Кредиты физ лицам 2025 год по м'!E2:E88) -> 16609.046 | F4: =AVERAGE('Кредиты физ лицам 2025 год по м'!F2:F88) -> 419382.09 | G4: =AVERAGE('Кредиты физ лицам 2025 год по м'!G2:G88) -> 17859.069 | H4: =AVERAGE('Кредиты физ лицам 2025 год по м'!H2:H88) -> 418050.63 | I4: =AVERAGE('Кредиты физ лицам 2025 год по м'!I2:I88) -> 20427.724 | J4: =AVERAGE('Кредиты физ лицам 2025 год по м'!J2:J88) -> 417971.23 | ... AB4: =AVERAGE('Кредиты физ лицам 2025 год по м'!AB2:AB88) -> 434522.57
A5: Медиана | C5: =MEDIAN('Кредиты физ лицам 2025 год по м'!C2:C88) -> 154469 | D5: =MEDIAN('Кредиты физ лицам 2025 год по м'!D2:D88) -> 2753740 | E5: =MEDIAN('Кредиты физ лицам 2025 год по м'!E2:E88) -> 9245 | F5: =MEDIAN('Кредиты физ лицам 2025 год по м'!F2:F88) -> 227593 | G5: =MEDIAN('Кредиты физ лицам 2025 год по м'!G2:G88) -> 10035 | H5: =MEDIAN('Кредиты физ лицам 2025 год по м'!H2:H88) -> 226787 | I5: =MEDIAN('Кредиты физ лицам 2025 год по м'!I2:I88) -> 11446 | J5: =MEDIAN('Кредиты физ лицам 2025 год по м'!J2:J88) -> 226599 | ... AB5: =MEDIAN('Кредиты физ лицам 2025 год по м'!AB2:AB88) -> 236726
A6: Мода | C6: =IFERROR(MODE('Кредиты физ лицам 2025 год по м'!C2:C88),"Значения не повторяются") -> Значения не повторяются | D6: =IFERROR(MODE('Кредиты физ лицам 2025 год по м'!D2:D88),"Значения не повторяются") -> Значения не повторяются | E6: =IFERROR(MODE('Кредиты физ лицам 2025 год по м'!E2:E88),"Значения не повторяются") -> Значения не повторяются | F6: =IFERROR(MODE('Кредиты физ лицам 2025 год по м'!F2:F88),"Значения не повторяются") -> Значения не повторяются | G6: =IFERROR(MODE('Кредиты физ лицам 2025 год по м'!G2:G88),"Значения не повторяются") -> Значения не повторяются | H6: =IFERROR(MODE('Кредиты физ лицам 2025 год по м'!H2:H88),"Значения не повторяются") -> Значения не повторяются | I6: =IFERROR(MODE('Кредиты физ лицам 2025 год по м'!I2:I88),"Значения не повторяются") -> Значения не повторяются | J6: =IFERROR(MODE('Кредиты физ лицам 2025 год по м'!J2:J88),"Значения не повторяются") -> Значения не повторяются | ... AB6: =IFERROR(MODE('Кредиты физ лицам 2025 год по м'!AB2:AB88),"Значения не повторяются") -> Значения не повторяются
A7: Минимум | C7: =MIN('Кредиты физ лицам 2025 год по м'!C2:C88) -> 6841 | D7: =MIN('Кредиты физ лицам 2025 год по м'!D2:D88) -> 145427 | E7: =MIN('Кредиты физ лицам 2025 год по м'!E2:E88) -> 382 | F7: =MIN('Кредиты физ лицам 2025 год по м'!F2:F88) -> 12252 | G7: =MIN('Кредиты физ лицам 2025 год по м'!G2:G88) -> 423 | H7: =MIN('Кредиты физ лицам 2025 год по м'!H2:H88) -> 12180 | I7: =MIN('Кредиты физ лицам 2025 год по м'!I2:I88) -> 512 | J7: =MIN('Кредиты физ лицам 2025 год по м'!J2:J88) -> 12143 | ... AB7: =MIN('Кредиты физ лицам 2025 год по м'!AB2:AB88) -> 12113
A8: Максимум | C8: =MAX('Кредиты физ лицам 2025 год по м'!C2:C88) -> 3007763 | D8: =MAX('Кредиты физ лицам 2025 год по м'!D2:D88) -> 51422135 | E8: =MAX('Кредиты физ лицам 2025 год по м'!E2:E88) -> 186725 | F8: =MAX('Кредиты физ лицам 2025 год по м'!F2:F88) -> 4208666 | G8: =MAX('Кредиты физ лицам 2025 год по м'!G2:G88) -> 205325 | H8: =MAX('Кредиты физ лицам 2025 год по м'!H2:H88) -> 4209311 | I8: =MAX('Кредиты физ лицам 2025 год по м'!I2:I88) -> 232037 | J8: =MAX('Кредиты физ лицам 2025 год по м'!J2:J88) -> 4218232 | ... AB8: =MAX('Кредиты физ лицам 2025 год по м'!AB2:AB88) -> 4409128
A9: Вывод: Наибольшее среднее значение по объему выданных кредитов наблюдается в декабре 2025 года, по задолженности - тоже в декабре. Медиана по объему и задолженности растет от начала к концу года. Моду вычислить не представляется возможным, так как значения не повторяются. Минимальное значение по объему выданных кредитов наблюдается в январе, по задолженности значение меняется не критично и остается в области 12000 млн рублей. Максимальное значение по объему выданных кредитов наблюдается в декабре и достигает 32000 млн рублей, по задолженности - варьируется в области 42000-44000 млн рублей на протяжении 2025 года.
A11: ТОП-5 лидеров регионов по объему выданных кредитов и задолженности
A12: Объем | C12: Задолженность
A13: г. Москва | B13: 3007763 | C13: г. Москва | D13: 51422135
A14: Московская область | B14: 1804595 | C14: Московская область | D14: 34616205
A15: г. Санкт-Петербург | B15: 1260287 | C15: г. Санкт-Петербург | D15: 22320395
A16: Краснодарский край | B16: 950912 | C16: Краснодарский край | D16: 18679592
A17: Тюменская область | B17: 834483 | C17: Тюменская область | D17: 17587655
A18: Вывод: Лидером и по объему выданных кредитов, и по объему задолженности в 2025 году является Москва, она занимает 12,57% от общего объема выданных кредитов среди регионов. Лидерами в 2025 году также стали Московская область, Санкт-Петербург, Краснодарский край и Тюменская область.
A20: ТОП-5 антилидеров регионов по объему выданных кредитов и задолженности
A21: Объем | C21: Задолженность
A22: Ненецкий автономный округ | B22: 29337 | C22: Ненецкий автономный округ | D22: 508083
A23: Республика Ингушетия | B23: 17997 | C23: Республика Ингушетия | D23: 340084
A24: Чукотский автономный округ | B24: 10941 | C24: Чукотский автономный округ | D24: 240590
A25: Еврейская автономная область | B25: 10785 | C25: Еврейская автономная область | D25: 193280
A26: Республика Алтай | B26: 6841 | C26: Республика Алтай | D26: 145427
A27: Вывод: Антилидером и по объему выданных кредитов, и по объему задолженности в 2025 году является Ненецкий автономный округ, он занимает 0,03% от общего объема выданных кредитов среди регионов. Антилидерами в 2025 году также стали республика Ингушентия, Чукотский автономный округ, Еврейская автономная область и республика Алтай.
A47: Вывод: динамика положительная. Все регионы демонстрируют рост объема кредитовот начала года к концу.
A76: Вывод: Самая большая доля в общем объеме выданных кредитов в 2025 года наблюдается у Москвы и составляет 12,57%. Остальные регионы занимают сравнительно небольшую долю по объему выданных кредитов. Самую маленькую долю занимает Ненецкий автономный округ, она составляет 0,03% от общего объема.
A96: Вывод: абсолютным лидером по объему выданных кредитов в 2025 году становится Москва. Объем выданных в ней кредитов составляет около 3000000 млн руб.

Sheet Объем кредитов по регионам
A91: Вывод: Динамика положительная и объем выданных кредитов растет от начала к концу года. Всего за год он составил, таким образом, 23 930 025 млн рублей.

Sheet Доля регионов в объеме кредитов
A91: Вывод: стабильно самая большая доля по объему выданных кредитов пренадлежит Москве -- в области 12%, а иногда и 13% от общего объема. Остальные регионы составляют часто меньше 1% от общего объема выданных кредитов, и только некоторые занимают 1-2%.

Sheet Объем и задолженность по округа
A12: Вывод: объем выданных кредитов в ЦФО в два раза больше, чем в ПФО и в УФО и в 3 раза больше, чем в ЮФО, в СФО и в СЗФО. Самая высокая задолженность тоже у ЦФО, она составляет 127 253 596 млн рублей, что примерно в два раза больше, чем в УФО, ПФО и в СФО. Наблюдается прямая зависимость между объемом выданных кредитов и задолженнностью, при этом общая задолженность превышает общий объем выданных кредитов в 19 раз.

Sheet Примечания
A1: Регионы | B1: Федеральные округа
A2: Белгородская область | B2: ЦФО
A3: Брянская область | B3: ЦФО
A4: Владимирская область | B4: ЦФО
A5: Воронежская область | B5: ЦФО
A6: Ивановская область | B6: ЦФО
A7: Калужская область | B7: ЦФО
A8: Костромская область | B8: ЦФО
A9: Курская область | B9: ЦФО
A10: Липецкая область | B10: ЦФО
A11: Московская область | B11: ЦФО
A12: Орловская область | B12: ЦФО
... A83: Республика Ингушетия | B83: СКФО
A84: Кабардино-Балкарская Республика | B84: СКФО | D84: Республика Ингушетия
A85: Карачаево-Черкесская Республика | B85: СКФО | D85: Кабардино-Балкарская Республика
A86: Республика Северная Осетия - Алания | B86: СКФО | D86: Карачаево-Черкесская Республика
A87: Чеченская Республика | B87: СКФО | D87: Республика Северная Осетия — Алания
A88: Ставропольский край | B88: СКФО | D88: Чеченская Республика
D89: Ставропольский край
