Workbook

Sheet Кредиты физ лицам 2025 год по м
A1: Регионы | B1: Федеральные округа | C1: Объем общее (млн руб) | D1: Задолженность общее (млн руб) | E1: Январь объем (млн руб) | F1: Январь задолженность (млн руб) | G1: Февраль объем (млн руб) | H1: Февраль задолженность (млн руб) | I1: Март объем (млн руб) | J1: Март задолженность (млн руб) | K1: Апрель объем (млн руб) | L1: Апрель задолженность (млн руб) | M1: Май объем (млн руб) | N1: Май задолженность (млн руб) | O1: Июнь объем (млн руб) | P1: Июнь задолженность (млн руб) | Q1: Июль объем (млн руб) | R1: Июль задолженность (млн руб) | S1: Август объем (млн руб) | T1: Август задолженность (млн руб) | U1: Сентябрь объем (млн руб) | V1: Сентябрь задолженность (млн руб) | W1: Октябрь объем (млн руб) | X1: Октябрь задолженность (млн руб) | Y1: Ноябрь объем (млн руб) | Z1: Ноябрь задолженность (млн руб) | AA1: Декабрь объем (млн руб) | AB1: Декабрь задолженность (млн руб)
A2: г. Москва | B2: =VLOOKUP(A2,Примечания!$A:$B,2,0) -> ЦФО | C2: =E2+G2+I2+K2+M2+O2+Q2+S2+U2+W2+Y2+AA2 -> 3007763 | D2: =F2+H2+J2+L2+N2+P2+R2+T2+V2+X2+Z2+AB2 -> 51422135 | E2: 186725 | F2: 4208666 | G2: 205325 | H2: 4209311 | I2: 232037 | J2: 4218232 | K2: 231562 | L2: 4223317 | M2: 230539 | N2: 4239331 | O2: 235787 | P2: 4248421 | Q2: 252022 | R2: 4265347 | S2: 264348 | T2: 4295817 | U2: 269103 | V2: 4333273 | W2: 284678 | X2: 4370468 | Y2: 288975 | Z2: 4400824 | AA2: 326662 | AB2: 4409128
A3: Московская область | B3: =VLOOKUP(A3,Примечания!$A:$B,2,0) -> ЦФО | C3: =E3+G3+I3+K3+M3+O3+Q3+S3+U3+W3+Y3+AA3 -> 1804595 | D3: =F3+H3+J3+L3+N3+P3+R3+T3+V3+X3+Z3+AB3 -> 34616205 | E3: 111429 | F3: 2855222 | G3: 120510 | H3: 2849673 | I3: 136117 | J3: 2851648 | K3: 135141 | L3: 2853129 | M3: 139810 | N3: 2864894 | O3: 141043 | P3: 2866710 | Q3: 153628 | R3: 2862520 | S3: 163586 | T3: 2886151 | U3: 161819 | V3: 2904394 | W3: 174045 | X3: 2930016 | Y3: 171036 | Z3: 2943239 | AA3: 196431 | AB3: 2948609
A4: г. Санкт-Петербург | B4: =VLOOKUP(A4,Примечания!$A:$B,2,0) -> СЗФО | C4: =E4+G4+I4+K4+M4+O4+Q4+S4+U4+W4+Y4+AA4 -> 1260287 | D4: =F4+H4+J4+L4+N4+P4+R4+T4+V4+X4+Z4+AB4 -> 22320395 | E4: 75195 | F4: 1830749 | G4: 82778 | H4: 1826667 | I4: 93989 | J4: 1828352 | K4: 94296 | L4: 1831717 | M4: 96291 | N4: 1839821 | O4: 98542 | P4: 1846241 | Q4: 104593 | R4: 1844711 | S4: 111507 | T4: 1859723 | U4: 115583 | V4: 1878060 | W4: 122128 | X4: 1896175 | Y4: 120759 | Z4: 1909919 | AA4: 144626 | AB4: 1928260
A5: Краснодарский край | B5: =VLOOKUP(A5,Примечания!$A:$B,2,0) -> ЮФО | C5: =E5+G5+I5+K5+M5+O5+Q5+S5+U5+W5+Y5+AA5 -> 950912 | D5: =F5+H5+J5+L5+N5+P5+R5+T5+V5+X5+Z5+AB5 -> 18679592 | E5: 59494 | F5: 1530523 | G5: 62019 | H5: 1527763 | I5: 72505 | J5: 1531028 | K5: 71303 | L5: 1534060 | M5: 72845 | N5: 1540875 | O5: 75024 | P5: 1545883 | Q5: 80938 | R5: 1548264 | S5: 84200 | T5: 1558101 | U5: 83199 | V5: 1568795 | W5: 91344 | X5: 1584377 | Y5: 89839 | Z5: 1596253 | AA5: 108202 | AB5: 1613670
A6: Тюменская область | B6: =VLOOKUP(A6,Примечания!$A:$B,2,0) -> УФО | C6: =E6+G6+I6+K6+M6+O6+Q6+S6+U6+W6+Y6+AA6 -> 834483 | D6: =F6+H6+J6+L6+N6+P6+R6+T6+V6+X6+Z6+AB6 -> 17587655 | E6: 48313 | F6: 1454366 | G6: 52342 | H6: 1449306 | I6: 59943 | J6: 1447376 | K6: 64147 | L6: 1447788 | M6: 64015 | N6: 1452376 | O6: 66498 | P6: 1453169 | Q6: 74172 | R6: 1451768 | S6: 79311 | T6: 1468076 | U6: 74038 | V6: 1475802 | W6: 81525 | X6: 1489303 | Y6: 78653 | Z6: 1498053 | AA6: 91526 | AB6: 1500272
A7: Свердловская область | B7: =VLOOKUP(A7,Примечания!$A:$B,2,0) -> УФО | C7: =E7+G7+I7+K7+M7+O7+Q7+S7+U7+W7+Y7+AA7 -> 735598 | D7: =F7+H7+J7+L7+N7+P7+R7+T7+V7+X7+Z7+AB7 -> 13172610 | E7: 45186 | F7: 1088021 | G7: 47782 | H7: 1083727 | I7: 54263 | J7: 1082831 | K7: 54368 | L7: 1084501 | M7: 55758 | N7: 1088230 | O7: 58471 | P7: 1088509 | Q7: 62885 | R7: 1086247 | S7: 66749 | T7: 1096564 | U7: 66010 | V7: 1104926 | W7: 72535 | X7: 1117833 | Y7: 69264 | Z7: 1122543 | AA7: 82327 | AB7: 1128678
A8: Республика Татарстан (Татарстан) | B8: =VLOOKUP(A8,Примечания!$A:$B,2,0) -> ПФО | C8: =E8+G8+I8+K8+M8+O8+Q8+S8+U8+W8+Y8+AA8 -> 652959 | D8: =F8+H8+J8+L8+N8+P8+R8+T8+V8+X8+Z8+AB8 -> 13558441 | E8: 36151 | F8: 1109504 | G8: 40307 | H8: 1106154 | I8: 47019 | J8: 1106308 | K8: 47361 | L8: 1108802 | M8: 49433 | N8: 1114553 | O8: 49967 | P8: 1116400 | Q8: 55958 | R8: 1118820 | S8: 58997 | T8: 1130953 | U8: 59303 | V8: 1140409 | W8: 67991 | X8: 1157094 | Y8: 63876 | Z8: 1168347 | AA8: 76596 | AB8: 1181097
A9: Республика Башкортостан | B9: =VLOOKUP(A9,Примечания!$A:$B,2,0) -> ПФО | C9: =E9+G9+I9+K9+M9+O9+Q9+S9+U9+W9+Y9+AA9 -> 596428 | D9: =F9+H9+J9+L9+N9+P9+R9+T9+V9+X9+Z9+AB9 -> 12573577 | E9: 34209 | F9: 1041904 | G9: 37233 | H9: 1037421 | I9: 42691 | J9: 1035648 | K9: 44222 | L9: 1034469 | M9: 45119 | N9: 1037494 | O9: 46920 | P9: 1038237 | Q9: 51768 | R9: 1035439 | S9: 55642 | T9: 1046508 | U9: 52663 | V9: 1053690 | W9: 58900 | X9: 1063006 | Y9: 57004 | Z9: 1070727 | AA9: 70057 | AB9: 1079034
A10: Ростовская область | B10: =VLOOKUP(A10,Примечания!$A:$B,2,0) -> ЮФО | C10: =E10+G10+I10+K10+M10+O10+Q10+S10+U10+W10+Y10+AA10 -> 589286 | D10: =F10+H10+J10+L10+N10+P10+R10+T10+V10+X10+Z10+AB10 -> 10495448 | E10: 35128 | F10: 862591 | G10: 36545 | H10: 859371 | I10: 42987 | J10: 860045 | K10: 44079 | L10: 862042 | M10: 45029 | N10: 866282 | O10: 45906 | P10: 867493 | Q10: 49471 | R10: 866324 | S10: 52119 | T10: 874118 | U10: 51007 | V10: 879884 | W10: 57069 | X10: 889344 | Y10: 56925 | Z10: 897208 | AA10: 73021 | AB10: 910746
A11: Челябинская область | B11: =VLOOKUP(A11,Примечания!$A:$B,2,0) -> УФО | C11: =E11+G11+I11+K11+M11+O11+Q11+S11+U11+W11+Y11+AA11 -> 508567 | D11: =F11+H11+J11+L11+N11+P11+R11+T11+V11+X11+Z11+AB11 -> 8701496 | E11: 30583 | F11: 721272 | G11: 33054 | H11: 717953 | I11: 37500 | J11: 716616 | K11: 37471 | L11: 716560 | M11: 38540 | N11: 718736 | O11: 40529 | P11: 718582 | Q11: 44057 | R11: 716825 | S11: 47327 | T11: 724698 | U11: 45510 | V11: 729638 | W11: 49529 | X11: 736489 | Y11: 47593 | Z11: 740176 | AA11: 56874 | AB11: 743951
A12: Новосибирская область | B12: =VLOOKUP(A12,Примечания!$A:$B,2,0) -> СФО | C12: =E12+G12+I12+K12+M12+O12+Q12+S12+U12+W12+Y12+AA12 -> 478363 | D12: =F12+H12+J12+L12+N12+P12+R12+T12+V12+X12+Z12+AB12 -> 9356891 | E12: 28964 | F12: 775907 | G12: 31224 | H12: 773096 | I12: 36246 | J12: 773350 | K12: 36195 | L12: 774091 | M12: 36900 | N12: 776585 | O12: 38422 | P12: 774824 | Q12: 41357 | R12: 773364 | S12: 43659 | T12: 779831 | U12: 41721 | V12: 782704 | W12: 46709 | X12: 789292 | Y12: 44379 | Z12: 790410 | AA12: 52587 | AB12: 793437
A13: Самарская область | B13: =VLOOKUP(A13,Примечания!$A:$B,2,0) -> ПФО | C13: =E13+G13+I13+K13+M13+O13+Q13+S13+U13+W13+Y13+AA13 -> 452202 | D13: =F13+H13+J13+L13+N13+P13+R13+T13+V13+X13+Z13+AB13 -> 7196556 | E13: 27962 | F13: 601169 | G13: 29402 | H13: 597050 | I13: 33763 | J13: 595619 | K13: 33797 | L13: 595025 | M13: 35551 | N13: 596882 | O13: 36181 | P13: 595593 | Q13: 39231 | R13: 592733 | S13: 41238 | T13: 597725 | U13: 40453 | V13: 601304 | W13: 43661 | X13: 605450 | Y13: 42548 | Z13: 608415 | AA13: 48415 | AB13: 609591
... A88: в том числе Ненецкий автономный округ | B88: =VLOOKUP(A88,Примечания!$A:$B,2,0) -> СЗФО | C88: =E88+G88+I88+K88+M88+O88+Q88+S88+U88+W88+Y88+AA88 -> 6841 | D88: =F88+H88+J88+L88+N88+P88+R88+T88+V88+X88+Z88+AB88 -> 145427 | E88: 382 | F88: 12252 | G88: 423 | H88: 12180 | I88: 512 | J88: 12143 | K88: 489 | L88: 12077 | M88: 469 | N88: 12019 | O88: 594 | P88: 12003 | Q88: 656 | R88: 12011 | S88: 680 | T88: 12102 | U88: 654 | V88: 12165 | W88: 643 | X88: 12197 | Y88: 602 | Z88: 12165 | AA88: 737 | AB88: 12113
A89: РОССИЙСКАЯ ФЕДЕРАЦИЯ | C89: =E89+G89+I89+K89+M89+O89+Q89+S89+U89+W89+Y89+AA89 -> 22924505 | D89: =F89+H89+J89+L89+N89+P89+R89+T89+V89+X89+Z89+AB89 -> 421207421 | E89: 1386982 | F89: 34766820 | G89: 1490467 | H89: 34656777 | I89: 1705169 | J89: 34652400 | K89: 1715099 | L89: 34685101 | M89: 1761900 | N89: 34815608 | O89: 1815716 | P89: 34837725 | Q89: 1971050 | R89: 34792201 | S89: 2085008 | T89: 35110119 | U89: 2041947 | V89: 35339043 | W89: 2219135 | X89: 35657960 | Y89: 2169592 | Z89: 35863355 | AA89: 2562440 | AB89: 36030312

Sheet Анализ
A1: Анализ данных по кредитам
A2: Цель: выявить ключевые закономерности и посмотреть, как объем выданных кредитов распределяется по регионам и месяцам
A3: Метрика | C3: Объем общее | D3: Задолженность общее | E3: Январь объем | F3: Январь задолженность | G3: Февраль объем | H3: Февраль задолженность | I3: Март объем | J3: Март задолженность | K3: Апрель объем | L3: Апрель задолженность | M3: Май объем | N3: Май задолженность | O3: Июнь объем | P3: Июнь задолженность | Q3: Июль объем | R3: Июль задолженность | S3: Август объем | T3: Август задолженность | U3: Сентябрь объем | V3: Сентябрь задолженность | W3: Октябрь объем | X3: Октябрь задолженность | Y3: Ноябрь объем | Z3: Ноябрь задолженность | AA3: Декабрь объем | AB3: Декабрь задолженность
A4: Среднее значение | C4: =AVERAGE('Кредиты физ лицам 2025 год по м'!C2:C88) -> 275057.76 | D4: =AVERAGE('Кредиты физ лицам 2025 год по м'!D2:D88) -> 5080463 | E4: =AVERAGE('Кредиты физ лицам 2025 год по м'!E2:E88) -> 16609.046 | F4: =AVERAGE('Кредиты физ лицам 2025 год по м'!F2:F88) -> 419382.09 | G4: =AVERAGE('Кредиты физ лицам 2025 год по м'!G2:G88) -> 17859.069 | H4: =AVERAGE('Кредиты физ лицам 2025 год по м'!H2:H88) -> 418050.63 | I4: =AVERAGE('Кредиты физ лицам 2025 год по м'!I2:I88) -> 20427.724 | J4: =AVERAGE('Кредиты физ лицам 2025 год по м'!J2:J88) -> 417971.23 | ... AB4: =AVERAGE('Кредиты физ лицам 2025 год по м'!AB2:AB88) -> 434522.57
A5: Медиана | C5: =MEDIAN('Кредиты физ лицам 2025 год по м'!C2:C88) -> 154469 | D5: =MEDIAN('Кредиты физ лицам 2025 год по м'!D2:D88) -> 2753740 | E5: =MEDIAN('Кредиты физ лицам 2025 год по м'!E2:E88) -> 9245 | F5: =MEDIAN('Кредиты физ лицам 2025 год по м'!F2:F88) -> 227593 | G5: =MEDIAN('Кредиты физ лицам 2025 год по м'!G2:G88) -> 10035 | H5: =MEDIAN('Кредиты физ лицам 2025 год по м'!H2:H88) -> 226787 | I5: =MEDIAN('Кредиты физ лицам 2025 год по м'!I2:I88) -> 11446 | J5: =MEDIAN('Кредиты физ лицам 2025 год по м'!J2:J88) -> 226599 | ... AB5: =MEDIAN('Кредиты физ лицам 2025 год по м'!AB2:AB88) -> 236726
A6: Мода | C6: =IFERROR(MODE('Кредиты физ лицам 2025 год по м'!C2:C88),"Значения не повторяются") -> Значения не повторяются | D6: =IFERROR(MODE('Кредиты физ лицам 2025 год по м'!D2:D88),"Значения не повторяются") -> Значения не повторяются | E6: =IFERROR(MODE('Кредиты физ лицам 2025 год по м'!E2:E88),"Значения не повторяются") -> Значения не повторяются | F6: =IFERROR(MODE('Кредиты физ лицам 2025 год по м'!F2:F88),"Значения не повторяются") -> Значения не повторяются | G6: =IFERROR(MODE('Кредиты физ лицам 2025 год по м'!G2:G88),"Значения не повторяются") -> Значения не повторяются | H6: =IFERROR(MODE('Кредиты физ лицам 2025 год по м'!H2:H88),"Значения не повторяются") -> Значения не повторяются | I6: =IFERROR(MODE('Кредиты физ лицам 2025 год по м'!I2:I88),"Значения не повторяются") -> Значения не повторяются | J6: =IFERROR(MODE('Кредиты физ лицам 2025 год по м'!J2:J88),"Значения не повторяются") -> Значения не повторяются | ... AB6: =IFERROR(MODE('Кредиты физ лицам 2025 год по м'!AB2:AB88),"Значения не повторяются") -> Значения не повторяются
A7: Минимум | C7: =MIN('Кредиты физ лицам 2025 год по м'!C2:C88) -> 6841 | D7: =MIN('Кредиты физ лицам 2025 год по м'!D2:D88) -> 145427 | E7: =MIN('Кредиты физ лицам 2025 год по м'!E2:E88) -> 382 | F7: =MIN('Кредиты физ лицам 2025 год по м'!F2:F88) -> 12252 | G7: =MIN('Кредиты физ лицам 2025 год по м'!G2:G88) -> 423 | H7: =MIN('Кредиты физ лицам 2025 год по м'!H2:H88) -> 12180 | I7: =MIN('Кредиты физ лицам 2025 год по м'!I2:I88) -> 512 | J7: =MIN('Кредиты физ лицам 2025 год по м'!J2:J88) -> 12143 | ... AB7: =MIN('Кредиты физ лицам 2025 год по м'!AB2:AB88) -> 12113
A8: Максимум | C8: =MAX('Кредиты физ лицам 2025 год по м'!C2:C88) -> 3007763 | D8: =MAX('Кредиты физ лицам 2025 год по м'!D2:D88) -> 51422135 | E8: =MAX('Кредиты физ лицам 2025 год по м'!E2:E88) -> 186725 | F8: =MAX('Кредиты физ лицам 2025 год по м'!F2:F88) -> 4208666 | G8: =MAX('Кредиты физ лицам 2025 год по м'!G2:G88) -> 205325 | H8: =MAX('Кредиты физ лицам 2025 год по м'!H2:H88) -> 4209311 | I8: =MAX('Кредиты физ лицам 2025 год по м'!I2:I88) -> 232037 | J8: =MAX('Кредиты физ лицам 2025 год по м'!J2:J88) -> 4218232 | ... AB8: =MAX('Кредиты физ лицам 2025 год по м'!AB2:AB88) -> 4409128
A9: Вывод: Наибольшее среднее значение по объему выданных кредитов наблюдается в декабре 2025 года, по задолженности - тоже в декабре. Медиана по объему и задолженности растет от начала к концу года. Моду вычислить не представляется возможным, так как значения не повторяются. Минимальное значение по объему выданных кредитов наблюдается в январе, по задолженности значение меняется не критично и остается в области 12000 млн рублей. Максимальное значение по объему выданных кредитов наблюдается в декабре и достигает 32000 млн рублей, по задолженности - варьируется в области 42000-44000 млн рублей на протяжении 2025 года.
A11: ТОП-5 лидеров регионов по объему выданных кредитов и задолженности
A12: Объем | C12: Задолженность
A13: г. Москва | B13: 3007763 | C13: г. Москва | D13: 51422135
A14: Московская область | B14: 1804595 | C14: Московская область | D14: 34616205
A15: г. Санкт-Петербург | B15: 1260287 | C15: г. Санкт-Петербург | D15: 22320395
A16: Краснодарский край | B16: 950912 | C16: Краснодарский край | D16: 18679592
A17: Тюменская область | B17: 834483 | C17: Тюменская область | D17: 17587655
A18: Вывод: Лидером и по объему выданных кредитов, и по объему задолженности в 2025 году является Москва, она занимает 12,57% от общего объема выданных кредитов среди регионов. Лидерами в 2025 году также стали Московская область, Санкт-Петербург, Краснодарский край и Тюменская область.
A20: ТОП-5 антилидеров регионов по объему выданных кредитов и задолженности
A21: Объем | C21: Задолженность
A22: Ненецкий автономный округ | B22: 29337 | C22: Ненецкий автономный округ | D22: 508083
A23: Республика Ингушетия | B23: 17997 | C23: Республика Ингушетия | D23: 340084
A24: Чукотский автономный округ | B24: 10941 | C24: Чукотский автономный округ | D24: 240590
A25: Еврейская автономная область | B25: 10785 | C25: Еврейская автономная область | D25: 193280
A26: Республика Алтай | B26: 6841 | C26: Республика Алтай | D26: 145427
A27: Вывод: Антилидером и по объему выданных кредитов, и по объему задолженности в 2025 году является Ненецкий автономный округ, он занимает 0,03% от общего объема выданных кредитов среди регионов. Антилидерами в 2025 году также стали республика Ингушентия, Чукотский автономный округ, Еврейская автономная область и республика Алтай.

Sheet Объем кредитов по регионам
A2: Регионы | B2: SUM of Объем общее (млн руб) | C2: SUM of Февраль объем (млн руб) | D2: SUM of Март объем (млн руб) | E2: SUM of Апрель объем (млн руб) | F2: SUM of Май объем (млн руб) | G2: SUM of Июнь объем (млн руб) | H2: SUM of Июль объем (млн руб) | I2: SUM of Август объем (млн руб) | J2: SUM of Сентябрь объем (млн руб) | K2: SUM of Октябрь объем (млн руб) | L2: SUM of Ноябрь объем (млн руб) | M2: SUM of Декабрь объем (млн руб)
A3: Алтайский край | B3: 266068 | C3: 17266 | D3: 19778 | E3: 19963 | F3: 20605 | G3: 21153 | H3: 23697 | I3: 24814 | J3: 23356 | K3: 25340 | L3: 24719 | M3: 29017
A4: Амурская область | B4: 117080 | C4: 7422 | D4: 8301 | E4: 8766 | F4: 9227 | G4: 9687 | H4: 10731 | I4: 11004 | J4: 10468 | K4: 11355 | L4: 10507 | M4: 12829
A5: Архангельская область | B5: 171042 | C5: 10931 | D5: 12101 | E5: 13089 | F5: 13365 | G5: 14076 | H5: 15095 | I5: 15812 | J5: 15360 | K5: 16609 | L5: 15959 | M5: 18953
A6: Архангельская область без данных по Ненецкому автономному округу | B6: 164201 | C6: 10508 | D6: 11589 | E6: 12600 | F6: 12896 | G6: 13482 | H6: 14439 | I6: 15132 | J6: 14706 | K6: 15966 | L6: 15357 | M6: 18216
A7: Астраханская область | B7: 127386 | C7: 7860 | D7: 9223 | E7: 9022 | F7: 10147 | G7: 10029 | H7: 11077 | I7: 11861 | J7: 11166 | K7: 12633 | L7: 11980 | M7: 14824
A8: Белгородская область | B8: 194701 | C8: 12225 | D8: 13481 | E8: 13989 | F8: 14785 | G8: 15320 | H8: 16988 | I8: 17692 | J8: 17171 | K8: 19380 | L8: 19434 | M8: 22870
A9: Брянская область | B9: 131571 | C9: 8493 | D9: 9480 | E9: 9593 | F9: 10050 | G9: 10382 | H9: 11331 | I9: 12103 | J9: 11584 | K9: 12948 | L9: 12775 | M9: 14933
A10: в том числе Ненецкий автономный округ | B10: 6841 | C10: 423 | D10: 512 | E10: 489 | F10: 469 | G10: 594 | H10: 656 | I10: 680 | J10: 654 | K10: 643 | L10: 602 | M10: 737
A11: в том числе Ханты-Мансийский автономный округ - Югра | B11: 356633 | C11: 22174 | D11: 25675 | E11: 29672 | F11: 27697 | G11: 28414 | H11: 31095 | I11: 33469 | J11: 31641 | K11: 34572 | L11: 33220 | M11: 38643
A12: в том числе Ямало-Ненецкий автономный округ | B12: 132358 | C12: 8318 | D12: 9103 | E12: 9425 | F12: 10001 | G12: 11065 | H12: 12380 | I12: 13241 | J12: 11750 | K12: 12998 | L12: 11999 | M12: 14295
A13: Владимирская область | B13: 165694 | C13: 10981 | D13: 12451 | E13: 12082 | F13: 12634 | G13: 12960 | H13: 14655 | I13: 15430 | J13: 14921 | K13: 16246 | L13: 15497 | M13: 17778
A14: Волгоградская область | B14: 287681 | C14: 18785 | D14: 21741 | E14: 21812 | F14: 22462 | G14: 22495 | H14: 24725 | I14: 26091 | J14: 25196 | K14: 27763 | L14: 26967 | M14: 31422
... A90: Общий итог | B90: 23930025 | C90: 1553739 | D90: 1777212 | E90: 1792333 | F90: 1839285 | G90: 1896289 | H90: 2060319 | I90: 2180130 | J90: 2131341 | K90: 2317268 | L90: 2264206 | M90: 2672916
A91: Вывод: Динамика положительная и объем выданных кредитов растет от начала к концу года. Всего за год он составил, таким образом, 23 930 025 млн рублей.

Sheet Доля регионов в объеме кредитов
A2: Регионы | B2: SUM of Объем общее (млн руб) | C2: SUM of Январь объем (млн руб) | D2: SUM of Февраль объем (млн руб) | E2: SUM of Март объем (млн руб) | F2: SUM of Апрель объем (млн руб) | G2: SUM of Май объем (млн руб) | H2: SUM of Июнь объем (млн руб) | I2: SUM of Июль объем (млн руб) | J2: SUM of Август объем (млн руб) | K2: SUM of Сентябрь объем (млн руб) | L2: SUM of Октябрь объем (млн руб) | M2: SUM of Ноябрь объем (млн руб) | N2: SUM of Декабрь объем (млн руб)
A3: Алтайский край | B3: 0.011118584 | C3: 0.011321901 | D3: 0.011112549 | E3: 0.011128667 | F3: 0.011137997 | G3: 0.011202723 | H3: 0.011154945 | I3: 0.011501617 | J3: 0.01138189 | K3: 0.010958359 | L3: 0.010935291 | M3: 0.010917293 | N3: 0.010855934
A4: Амурская область | B4: 0.0048925983 | C4: 0.0046941599 | D4: 0.0047768641 | E4: 0.004670799 | F4: 0.0048908322 | G4: 0.0050166233 | H4: 0.0051083986 | I4: 0.0052084168 | J4: 0.0050474054 | K4: 0.0049114618 | L4: 0.0049001669 | M4: 0.0046404788 | N4: 0.0047996271
A5: Архангельская область | B5: 0.0071475897 | C5: 0.0067073268 | D5: 0.0070352871 | E5: 0.0068089795 | F5: 0.0073027724 | G5: 0.0072664106 | H5: 0.0074229192 | I5: 0.0073265354 | J5: 0.0072527785 | K5: 0.0072067304 | L5: 0.0071674921 | M5: 0.0070483869 | N5: 0.0070907578
A6: Архангельская область без данных по Ненецкому автономному округу | B6: 0.0068617145 | C6: 0.0064429645 | D6: 0.0067630406 | E6: 0.0065208878 | F6: 0.0070299437 | G6: 0.0070114202 | H6: 0.0071096758 | I6: 0.0070081381 | J6: 0.0069408705 | K6: 0.0068998813 | L6: 0.0068900101 | M6: 0.0067825101 | N6: 0.006815029
A7: Астраханская область | B7: 0.0053232707 | C7: 0.0052346492 | D7: 0.0050587647 | E7: 0.0051895891 | F7: 0.0050336628 | G7: 0.0055168177 | H7: 0.0052887508 | I7: 0.0053763519 | J7: 0.0054405013 | K7: 0.0052389552 | L7: 0.0054516784 | M7: 0.005291038 | N7: 0.0055460029
A8: Белгородская область | B8: 0.008136264 | C8: 0.0078658147 | D8: 0.0078681168 | E8: 0.0075854766 | F8: 0.0078049113 | G8: 0.0080384497 | H8: 0.0080789373 | I8: 0.0082453251 | J8: 0.0081151124 | K8: 0.0080564302 | L8: 0.0083632968 | M8: 0.0085831413 | N8: 0.0085561985
A9: Брянская область | B9: 0.0054981556 | C9: 0.0054664852 | D9: 0.005466169 | E9: 0.0053341976 | F9: 0.005352242 | G9: 0.0054640798 | H9: 0.0054749039 | I9: 0.0054996338 | J9: 0.0055515038 | K9: 0.0054350759 | L9: 0.0055876144 | M9: 0.0056421545 | N9: 0.0055867824
A10: в том числе Ненецкий автономный округ | B10: 0.00028587517 | C10: 0.00026436224 | D10: 0.0002722465 | E10: 0.00028809169 | F10: 0.00027282877 | G10: 0.00025499039 | H10: 0.00031324339 | I10: 0.0003183973 | J10: 0.00031190801 | K10: 0.00030684907 | L10: 0.00027748193 | M10: 0.00026587687 | N10: 0.00027572883
A11: в том числе Ханты-Мансийский автономный округ - Югра | B11: 0.01490316 | C11: 0.014090784 | D11: 0.01427138 | E11: 0.014446785 | F11: 0.016554959 | G11: 0.015058569 | H11: 0.014984003 | I11: 0.015092323 | J11: 0.015351837 | K11: 0.014845583 | L11: 0.014919293 | M11: 0.01467181 | N11: 0.014457244
A12: в том числе Ямало-Ненецкий автономный округ | B12: 0.0055310431 | C12: 0.0053862076 | D12: 0.0053535375 | E12: 0.0051220676 | F12: 0.0052585094 | G12: 0.005437439 | H12: 0.005835081 | I12: 0.0060087783 | J12: 0.006073491 | K12: 0.0055129611 | L12: 0.0056091915 | M12: 0.0052994295 | N12: 0.0053480917
A13: Владимирская область | B13: 0.0069241048 | C13: 0.0069613083 | D13: 0.0070674676 | E13: 0.0070059171 | F13: 0.0067409349 | G13: 0.0068689735 | H13: 0.0068344013 | I13: 0.0071129762 | J13: 0.0070775596 | K13: 0.0070007568 | L13: 0.0070108421 | M13: 0.0068443419 | N13: 0.006651163
A14: Волгоградская область | B14: 0.012021759 | C14: 0.012610494 | D14: 0.01209019 | E14: 0.012233206 | F14: 0.012169614 | G14: 0.012212354 | H14: 0.011862643 | I14: 0.012000569 | J14: 0.011967635 | K14: 0.011821665 | L14: 0.011980919 | M14: 0.011910135 | N14: 0.011755701
... A90: Общий итог | B90: 1 | C90: 1 | D90: 1 | E90: 1 | F90: 1 | G90: 1 | H90: 1 | I90: 1 | J90: 1 | K90: 1 | L90: 1 | M90: 1 | N90: 1
A91: Вывод: стабильно самая большая доля по объему выданных кредитов пренадлежит Москве -- в области 12%, а иногда и 13% от общего объема. Остальные регионы составляют часто меньше 1% от общего объема выданных кредитов, и только некоторые занимают 1-2%.

Sheet Объем и задолженность по округа
A2: Федеральные округа | B2: Регионы | C2: SUM of Объем общее (млн руб) | D2: SUM of Задолженность общее (млн руб)
A3: ДФО | C3: 1025471 | D3: 22604588
A4: ПФО | C4: 4164127 | D4: 76325209
A5: СЗФО | C5: 2783145 | D5: 49714499
A6: СКФО | C6: 675147 | D6: 13163797
A7: СФО | C7: 2758622 | D7: 52073754
A8: УФО | C8: 3013817 | D8: 58910571
A9: ЦФО | C9: 7188763 | D9: 127253267
A10: ЮФО | C10: 2320933 | D10: 41954596
A11: Общий итог | C11: 23930025 | D11: 442000281
A12: Вывод: объем выданных кредитов в ЦФО в два раза больше, чем в ПФО и в УФО и в 3 раза больше, чем в ЮФО, в СФО и в СЗФО. Самая высокая задолженность тоже у ЦФО, она составляет 127 253 596 млн рублей, что примерно в два раза больше, чем в УФО, ПФО и в СФО. Наблюдается прямая зависимость между объемом выданных кредитов и задолженнностью, при этом общая задолженность превышает общий объем выданных кредитов в 19 раз.

Sheet Примечания
A1: Регионы | B1: Федеральные округа
A2: Белгородская область | B2: ЦФО
A3: Брянская область | B3: ЦФО
A4: Владимирская область | B4: ЦФО
A5: Воронежская область | B5: ЦФО
A6: Ивановская область | B6: ЦФО
A7: Калужская область | B7: ЦФО
A8: Костромская область | B8: ЦФО
A9: Курская область | B9: ЦФО
A10: Липецкая область | B10: ЦФО
A11: Московская область | B11: ЦФО
A12: Орловская область | B12: ЦФО
... A83: Республика Ингушетия | B83: СКФО
A84: Кабардино-Балкарская Республика | B84: СКФО | D84: Республика Ингушетия
A85: Карачаево-Черкесская Республика | B85: СКФО | D85: Кабардино-Балкарская Республика
A86: Республика Северная Осетия - Алания | B86: СКФО | D86: Карачаево-Черкесская Республика
A87: Чеченская Республика | B87: СКФО | D87: Республика Северная Осетия — Алания
A88: Ставропольский край | B88: СКФО | D88: Чеченская Республика
D89: Ставропольский край
